Name,Roll No,Python,Maths,English,Physics,EVS,Total,Average,Percentage,Grade,Result,Attendance,Attendance Status,Highest Subject,Lowest Subject
kavya,69,70.0,80.0,90.0,85.0,98.0,423.0,84.6,84.6,A,PASS,99.0,Eligible,EVS,Python
kavya,69,70.0,80.0,90.0,85.0,98.0,423.0,84.6,84.6,A,PASS,99.0,Eligible,EVS,Python
kavya,69,70.0,8.0,100.0,100.0,100.0,378.0,75.6,75.6,B,FAIL,99.0,Eligible,English,Maths
kavya,69,70.0,80.0,90.0,85.0,98.0,423.0,84.6,84.6,A,PASS,99.0,Eligible,EVS,Python
kavya,69,70.0,80.0,90.0,85.0,98.0,423.0,84.6,84.6,A,PASS,99.0,Eligible,EVS,Python
kavya,69,70.0,80.0,90.0,85.0,98.0,423.0,84.6,84.6,A,PASS,99.0,Eligible,EVS,Python
kavya,69,70.0,80.0,90.0,85.0,98.0,423.0,84.6,84.6,A,PASS,99.0,Eligible,EVS,Python
kavya,69,70.0,80.0,90.0,85.0,98.0,423.0,84.6,84.6,A,PASS,99.0,Eligible,EVS,Python
kavya,69,70.0,80.0,90.0,85.0,98.0,423.0,84.6,84.6,A,PASS,99.0,Eligible,EVS,Python
kavya,69,70.0,80.0,90.0,85098.0,98.0,85436.0,17087.2,17087.2,A+,PASS,99.0,Eligible,Physics,Python
kavya,69,78.0,80.0,90.0,85.0,98.0,431.0,86.2,86.2,A,PASS,99.0,Eligible,EVS,Python
kavya,69,78.0,80.0,90.0,85.0,98.0,431.0,86.2,86.2,A,PASS,99.0,Eligible,EVS,Python
kavya,69,89.0,90.0,85.0,94.0,100.0,458.0,91.6,91.60000000000001,A+,PASS,99.0,Eligible,EVS,English
kavya,69,80.0,92.0,84.0,96.0,100.0,452.0,90.4,90.4,A+,PASS,99.0,Eligible,EVS,Python
kavya,69,85.0,83.0,98.0,99.0,99.0,464.0,92.8,92.80000000000001,A+,PASS,99.0,Eligible,Physics,Maths
kavya,999,52.0,42.0,14.0,52.0,52.0,212.0,42.4,42.4,F,FAIL,99.0,Eligible,Python,English
kavya,96,55.0,55.0,41.0,42.0,84.0,277.0,55.4,55.400000000000006,D,PASS,99.0,Eligible,EVS,English
kavya,69,58.0,72.0,99.0,98.0,98.0,425.0,85.0,85.0,A,PASS,99.0,Eligible,English,Python
kavya,69,85.0,84.0,85.0,54.0,25.0,333.0,66.6,66.60000000000001,C,FAIL,99.0,Eligible,Python,EVS
kavya,69,55.0,89.0,99.0,99.0,99.0,441.0,88.2,88.2,A,PASS,99.0,Eligible,English,Python
kavya,98,55.0,95.0,99.0,99.0,99.0,447.0,89.4,89.4,A,PASS,99.0,Eligible,English,Python
kavya,56,85.0,99.0,99.0,69.0,89.0,441.0,88.2,88.2,A,PASS,99.0,Eligible,Maths,Physics
